character,appearance
A O,Chapter 551; Episode 460 
Bizarre,Chapter 553; Episode 468 
Biyo,Chapter 658; Episode 583 
Bishamon,Chapter 931; Episode 925 
Blackback,Chapter 805; Episode 754 
Black Maria,Chapter 977; Episode 982 
Bimine,Chapter 657 
Bingo,Chapter 928; Episode 921 
Big Pan,Chapter 309; Episode 210 
Bian,Chapter 717; Episode 647 
Bell-mère,Chapter 77; Episode 32 
Bepo,Chapter 498; Episode 392 
Benn Beckman,Chapter 1; Episode 4 
Bellamy,Chapter 222; Episode 146 
Bentham,Chapter 129; Episode 78 
Bellett,Chapter 537; Episode 439 
Yonta Maria Grand Fleet, Chapter 704; Episode 633
Vinsmoke Family, Chapter 43; Episode 20
Tontatta Pirates, Chapter 799; Episode 745
Tightrope Walking Funan Bros,Chapter 8; Episode 4 
Blackbeard Pirates, Chapter 234; Episode 151
Big Mom Pirates, Chapter 651; Episode 570
Straw Hat Pirates, Chapter 5; Episode 3
Straw Hat Grand Fleet, Chapter 800; Episode 745
Riku Family, Chapter 702; Episode 631
Orochi Oniwabanshu, Chapter 931; Episode 925
Numbers, Chapter 954; Episode 955
Nine Red Scabbards, Chapter 656; Episode 580
WCI 31, Chapter 880; Episode 852
New Giant Warrior Pirates, Chapter 706; Episode 639
Nefertari Family, Chapter 103; Episode 62
Neptune Family, Chapter 609; Episode 528
Kyoshiro Family, Chapter 919; Episode 909
Kozuki Family, Chapter 684; Episode 609
Buggy Pirates, Chapter 8; Episode 4
Mimawarigumi, Chapter 951; Episode 951
Kid Pirates, Chapter 498; Episode 392
Kairiki Destroyers,Chapter 329; Episode 233 
Just Eleven Jurymen, Chapter 384; Episode 271
Koala Mercenaries,Chapter 169; Episode 106 
Isshi-100, Isshi-20: Chapter 136; Episode 82Isshi-100: Chapter 637
Mt. Atama Thieves, Chapter 921; Episode 912
Inuarashi Musketeer Squad, Chapter 804; Episode 753
Ideo Pirates, Chapter 799; Episode 744
Happo Navy, Chapter 704; Episode 633
Heart Pirates, Chapter 498; Episode 392
Four Emperors, Chapter 96; Episode 45
Five Elders, Chapter 233; Episode 151
Chinjao Family, Chapter 704; Episode 633
Beautiful Pirates, Chapter 704; Episode 633
Charlotte Family, Chapter 476; Episode 370
Barto Club, Chapter 705; Episode 634
Admiral, Chapter 303; Episode 225
Beasts Pirates, Chapter 595; Episode 513
Zotto,Chapter 533; Episode 434 
Zunesha,Chapter 802; Episode 751 
Zucca,Chapter 564; Episode 489 
Zodia,Chapter 553; Episode 462 
Zeus,Chapter 827; Episode 786 
Zepo,Chapter 850; Episode 816 
Zeo,Chapter 611; Episode 530 
Zambai,Chapter 324; Episode 230 
Zeff,Chapter 43; Episode 20 
Zala,Chapter 155; Episode 103 
Zanki,Chapter 991; Episode 1055 
Zabo,Chapter 241; Episode 155 
Yurikah,Chapter 151 
Yuki,Chapter 129; Episode 78 
Zadie,Chapter 391; Episode 275 
Yui,Chapter 966; Episode 966 
Yu,Chapter 98; Episode 48 
Yotsubane,Chapter 269; Episode 176 
Yoshimoto,Chapter 157; Episode 94 
Yosaku,Chapter 42; Episode 20 
Yorki,Chapter 103; Episode 63 
Yomo,Chapter 806; Episode 755 
York,Chapter 1065; Episode 1095 
Yazaemon,Chapter 931; Episode 925 
Yatappe,Chapter 952; Episode 946 
Yokozuna,Chapter 322; Episode 228 
Yasopp,Chapter 1; Episode 4 
Yarisugi,Chapter 673; Episode 599 
Yamenahare,Chapter 436 
Yamon,SBS Volume 96; Episode 966 
Yamato,Chapter 971; Episode 972 
Yama,Chapter 254; Episode 167 
Woop Slap,Chapter 1; Episode 4 
Yamakaji,Chapter 420; Episode 302 
Wire,Chapter 500; Episode 394 
X Drake,Chapter 498; Episode 392 
Wyper,Chapter 237; Episode 153 
Wicca,Chapter 705; Episode 635 
Wellington,Chapter 763; Episode 702 
Warashi,Chapter 269; Episode 176 
Who's-Who,Chapter 977; Episode 954 ; Episode 982 
Whitey Bay,Chapter 556; Episode 462 
Wanze,Chapter 367; Episode 257 
Wapol,Chapter 131; Episode 79 
Wheel,Chapter 906; Episode 884 
Wanyudo,Chapter 1005; Episode 1021 
Wanda,Chapter 804; Episode 753 
Wany,Chapter 804; Episode 753 
Wallem,Chapter 561; Episode 470 
Wallace,Chapter 552; Episode 461 
Wadatsumi,Chapter 606; Episode 525 
Scientist, Chapter 329; Episode 233
Vito,Chapter 812; Episode 763 
Vitan,Chapter 553 
Viola,Chapter 703; Episode 632 
Vista,Chapter 552; Episode 0 
Vinsmoke Yonji,Chapter 825; Episode 783 
Vinsmoke Reiju,Chapter 826; Episode 784 
Vinsmoke Sora,"Chapter 841; Episode 803 , Episode 804 "
Vinsmoke Niji,Chapter 828; Episode 787 
Victoria Shiruton Doruyanaika,SBS Volume 87 
Vinsmoke Ichiji,Chapter 828; Episode 787 
Victoria Cindry,Chapter 446; Episode 340 
Vinsmoke Judge,Chapter 832; Episode 793 
Very Good,Chapter 426; Episode 309 
Vasco Shot,Chapter 575; Episode 484 
Vegapunk,Chapter 684; Episode 610 Chapter 1061; Episode 1090 Chapter 1066; Episode 1096 
Vander Decken,Chapter 606; Episode 525 
Vander Decken IX,Chapter 606; Episode 525 
Uzuki Tempura,Chapter 1024; Episode 1048 
Uzu,Chapter 658; Episode 583 
Van Augur,Chapter 222; Episode 146 
Vergo,Chapter 671; Episode 597 
Uta,Chapter 1055 ; One Piece Film: Red; Episode 1029 
Usakkov,Chapter 537; Episode 438 
Usopp,Chapter 23; Episode 8 
Urouge,Chapter 498; Episode 392 
Urban,Chapter 1089 
Ushiano,Chapter 905; Episode 883 
Unigaro,Chapter 445; Episode 340 
Urashima,Chapter 913; Episode 899 
Uni,Chapter 810; Episode 757 
Unforgivable Mask,One Piece Color Walk 2 
Umit,Chapter 860; Episode 828 
Ultraking,Chapter 169; Episode 106 
Ulti,Chapter 977; Episode 982 
Ukkari,Chapter 4; Episode 2 
Uholisia,SBS Volume 77;Chapter 877 ;Episode 710 
Uhho,Chapter 743; Episode 677 
Ucy,Chapter 706; Episode 639 
UK,Chapter 1029; Episode 1054 
Tyrannosaurus,Chapter 323; Episode 230 
Turco,Chapter 598; Episode 517 
Tsurujo,Chapter 912; Episode 897 
Tsuru,Chapter 234; Episode 151 
Tsunokkov,Chapter 537; Episode 438 
Tsunagoro,Chapter 947; Episode 946 
Tsukimi,Chapter 448 
Tristan,Chapter 795; Episode 739 
Trebol,Chapter 700; Episode 629 
Trafalgar Lami,Chapter 762; Episode 701 
Trafalgar D. Water Law,Chapter 498; Episode 392 
Toto,Chapter 163; Episode 100 
Tosa,Chapter 1089 
Topman Warcury,Chapter 233; Episode 151 
Tonjit,Chapter 304; Episode 207 
Tony Tony Chopper,Chapter 134; Episode 81 
Tomato Gang,Chapter 179 
Tom,Chapter 352; Episode 248 
Toko,Chapter 927; Episode 920 
Tokikake,SBS Volume 75; Movie 13;Chapter 907; Episode 887 
Togare,Chapter 628; Episode 548 
Tokijiro,Chapter 929; Episode 922 
Tilestone,Chapter 323; Episode 230 
Bonney Pirates, Chapter 498; Episode 392
Thatch,Chapter 440; Episode 325 
Thalassa Lucas,Chapter 142; Episode 91 
Tibany,Chapter 543 ; Episode 419 
Tera,SBS Volume 105 
Terry Gilteo,Chapter 440; Episode 324 
Tenjo-Sagari,"Chapter 980, Episode 986 "
Terry,Chapter 223; Episode 146 
Tensei,Chapter 1054; Episode 1081 
Terracotta,Chapter 213; Episode 128 
Tegata Ringana,Chapter 785; Episode 727 
Taroimo,Chapter 523; Episode 418 
Taro,Chapter 0; Episode 0 
Tararan,Chapter 452; Episode 346 
Tashigi,Chapter 96; Episode 48 
Tank Lepanto,Chapter 706; Episode 636 
Tamagon,Chapter 325; Episode 231 
Teru,SBS Volume 11 
Tamachibi,Chapter 134; Episode 81 
Tamago,Chapter 651; Episode 570 
Tansui,Chapter 197 ; Episode 386 
Tamanegi,Chapter 23; Episode 9 
Tama,Chapter 909; Episode 890 
Take,Chapter 75; Episode 33 
Tacos,Chapter 905; Episode 882 
T Bone,Chapter 365; Episode 255 
Sweet Pea,Chapter 514; Episode 408 
Surume,Chapter 604; Episode 524 
Sunbell,Chapter 0; Episode 0 
Sukoshiba Kanishitoru,Chapter 536; Episode 437 
Suke,Chapter 927; Episode 919 
Suleiman,Chapter 704; Episode 632 
Sugar,Chapter 682; Episode 608 
Su,Chapter 239; Episode 154 
Stussy,Chapter 860; Episode 828 
Stronger,Chapter 223; Episode 146 
Streusen,Chapter 858; Episode 827 
Strawberry,Chapter 420; Episode 302 
Stevie,Chapter 361; Episode 251 
Sterry,Chapter 586; Episode 500 
Stefan,SBS Volume 58 
Stalker,Chapter 524; Episode 421 
Stansen,Chapter 500; Episode 394 
Squard,Chapter 551; Episode 460 
Spoil,Chapter 448; Episode 343 
Splash and Splatter,Chapter 610; Episode 529 
Stealth Black,Chapter 931 ; Episode 925 
Stainless,Chapter 96; Episode 151 
Sphinx,Chapter 529; Episode 430 
Spencer,Chapter 966; Episode 959 
Speed,Chapter 917; Episode 904 
Spector,Chapter 223; Episode 146 
Spandine,Chapter 392; Episode 275 
Speed Jiru,Chapter 553; Episode 461 
Spandam,Chapter 355; Episode 249 
Spacey,Chapter 433 ( 
Soro,Chapter 3; Episode 2 
Spartan,Chapter 703; Episode 633 
Sora,Chapter 825; Episode 783 
Sora,Chapter 608; Episode 527 
Sonieh,Chapter 318 
Some,Chapter 1031; Episode 1057 
Sodom,Chapter 366; Episode 256 
Solitaire,Chapter 935; Episode 930 
Snakeman,Chapter 916; Episode 904 
Smooge,Chapter 668; Episode 592 
Smoker,Chapter 97; Episode 48 
Smiley,Chapter 668; Episode 594 
Skull,Chapter 552; Episode 461 
Sind,Chapter 657; Episode 582 
Rocks Pirates, Chapter 957; Episode 958
Silvers Rayleigh,Chapter 19; Episode 8 
Sicily,Chapter 504 
Shyarly,Chapter 610; Episode 529 
Shura,Chapter 241; Episode 155 
Shu,Chapter 426; Episode 309 
Shoujou,Chapter 226; Episode 147 
Shishilian,Chapter 808; Episode 758 
Shiryu,Chapter 538; Episode 440 
Shirahoshi,Chapter 612; Episode 531 
Shioyaki,Chapter 75; Episode 33 
Shion,Chapter 515; Episode 409 
Shinobu,Chapter 921; Episode 911 
Shinosuke,Chapter 955; Episode 956 
Shine,Chapter 214; Episode 128 
Shin Detamaruka,Chapter 785; Episode 727 
Shin Jaiya,Chapter 785; Episode 727 
Shimotsuki Yasuie,Chapter 929; Episode 916 
Shepherd Ju Peter,Chapter 233; Episode 151 
Shimotsuki Kozaburo,Chapter 1033; Episode 1060 
Shimotsuki Kuina,Chapter 5; Episode 2 
Shimotsuki Koushirou,Chapter 5; Episode 19 
Shimotsuki Furiko,SBS Volume 105 
Shiki,Chapter 0; Chapter 530 ; Episode 425; One Piece Film: Strong World 
Shimotsuki Ushimaru,Chapter 953; Episode 954 
Sheepshead,Chapter 795; Episode 739 
Sharinguru,Chapter 428; Episode 310 
Shanks,Chapter 1; Episode 4 
Shandia Chief,Chapter 275; Episode 168 
Shimotsuki Ryuma,Monsters ; Chapter 448; Episode 342 
Shanba,"Chapter 524, Episode 419 "
Shelly,Chapter 304; Episode 207 
Sham,Chapter 31; Episode 13 
Shalria,Chapter 497; Episode 391 
Shakuyaku,Chapter 498; Episode 392 
Seto,Chapter 287; Episode 187 
Shachi,Chapter 498; Episode 392 
Shaka,Chapter 1062; Episode 1091 
Sentomaru,Chapter 497; Episode 401 
Senor Pink,Chapter 702; Episode 632 
Sennorikyuru,Chapter 1053; Episode 1080 
Sengoku,Chapter 234; Episode 151 
Seamars,Chapter 440 
Seki,Chapter 908; Episode 884 
Seira,Chapter 608; Episode 527 
Seagull Guns Nozdon,Chapter 0; Episode 0 
Seaboar,Chapter 191 
Scotch,Chapter 595; Episode 513 
Yeti Cool Brothers,Chapter 665; Episode 591 
Scratchmen Apoo,Chapter 498; Episode 392 
Schollzo,Chapter 325; Episode 231 
Scopper Gaban,Chapter 19; Episode 0 
Scarlett,Chapter 721; Episode 650 
Satori,Chapter 241; Episode 155 
Saru,Chapter 497; Episode 391 
Sarutobi,Chapter 931; Episode 925 
Sarfunkel,Chapter 620 ; One Piece Film: Red 
Sarquiss,Chapter 222; Episode 146 
Sarie Nantokanette,Chapter 823; Episode 777 
Sapi,Chapter 98; Episode 51 
Sarahebi,Chapter 919; Episode 909 
Sanji,Chapter 43; Episode 20 
Sanjuan Wolf,Chapter 575; Episode 484 
Sasaki,Chapter 977; Episode 954 ; Episode 982 
Samurai Batts,Chapter 117; Episode 70 
Sancrin,Chapter 557 ; Episode 456 
Sam,Chapter 94; Episode 43 
Sandayu,Chapter 928; Episode 921 
Salome,Chapter 516; Episode 409 
Saki,Chapter 940 ; Episode 937 
Sakazuki,Chapter 397; Episode 278 
Sadi,Chapter 531; Episode 432 
Saldeath,Chapter 530; Episode 431 
Sai,Chapter 704; Episode 632 
Saber,Chapter 552; Episode 461 
S-Snake,Chapter 1059; Episode 1087 
Sabo,Chapter 583; Episode 494 
S-Shark,Chapter 1065; Episode 1094 
S-Hawk,Chapter 1059; Episode 1087 
S-Bear,Chapter 1062; Episode 1092 
Ryunosuke,Chapter 803; Episode 752 
Ryuboshi,Chapter 609; Episode 528 
Russian,Chapter 775; Episode 715 
Rush,Chapter 558 
Run,Chapter 679; Episode 605 
Roxanne,Chapter 46 
Rowing,Chapter 967; Episode 959 
Ross,Chapter 223; Episode 146 
Rosward,Chapter 497; Episode 391 
Roronoa Pinzoro,SBS Volume 105 
Roronoa Zoro,Chapter 3; Episode 1 
Rolling Logan,Chapter 706; Episode 652 
Rokki,Chapter 1036; Episode 1063 
Roshio,Chapter 222; Episode 146 
Roji,Chapter 391; Episode 275 
Rokkaku,Chapter 4; Episode 2 
Roronoa Arashi,SBS Volume 105 
Roddy,Chapter 805; Episode 754 
Rockstar,Chapter 234; Episode 151 
Rocks D. Xebec,Chapter 957; Episode 958 
Roche,Chapter 391; Episode 275 
Road,"Chapter 898 , Episode 836 "
Rob Lucci,Chapter 323; Episode 230 
Rivers,Chapter 223; Episode 146 
Risky Brothers,Chapter 475; Episode 369 
Risky Brothers,Chapter 451; Episode 344 
Robson,Chapter 135; Episode 81 
Rint,Chapter 391; Episode 275 
Ripper,Chapter 7; Episode 3 
Riku Doldo III,Chapter 706; Episode 636 
Rika,Chapter 3; Episode 2 
Ririka,Chapter 4; Episode 2 
Reuder,Chapter 550; Episode 459 
Rindo,Chapter 516; Episode 410 
Red King,Chapter 1078 
Reforte,Chapter 556; Episode 465 
Richie,Chapter 9; Episode 6 
Rebecca,Chapter 704; Episode 633 
Recycle-Wan,Chapter 1063; Episode 1092 
Rangram,Chapter 966 
Reck,Chapter 1038; Episode 1065 
Ran,Chapter 516; Episode 410 
Randolph,Chapter 827; Episode 786 
Rampo,Chapter 711; Episode 641 
Ratel,Chapter 1073 
Ramba,Chapter 551; Episode 460 
Rakuyo,Chapter 553; Episode 461 
Raki,Chapter 249; Episode 163 
Rakuda,Chapter 929; Episode 922 
Raizo,Chapter 817; Episode 768 
Raccoon,"One Piece novel A, Volume 2 "
Rabiyan,Chapter 827; Episode 786 
Raijin,Chapter 931; Episode 925 
Raideen,"Chapter 866, Episode 836 "
Quincy,Chapter 1039; Episode 1066 
Queen,Chapter 920; Episode 910 ; Chapter 925; Episode 918 
Pururu,Chapter 1079; 
Queen Mama Chanter, Chapter 730; Episode 662
Pacifista, Chapter 505; Episode 399
Pythagoras,Chapter 1065; Episode 1095 
Puppu,Chapter 155; Episode 92 
Pudding Pudding,"Chapter 75, Episode 34 "
Prince Grus,Chapter 966 ; Episode 1090 
Pound,Chapter 831; Episode 792 
Potsun,Chapter 217; Episode 130 
Portgas D. Rouge,Chapter 550; Episode 0 
Prometheus,Chapter 827; Episode 786 
Portgas D. Ace,Chapter 154; Episode 91 
Poro,Chapter 14; Episode 8 
Porchemy,Chapter 583; Episode 494 
Porche,Chapter 305; Episode 207 
Poppy,Chapter 515; Episode 409 
Poppoko,Chapter 2; Episode 1 
Pomsky,Chapter 1089 
Poker,Chapter 997; Episode 982 
Pluming,Chapter 1083 
Pisaro,Chapter 72; Episode 32 
Piiman,Chapter 23; Episode 9 
Pinky,Chapter 8; Episode 4 
Pierre,Chapter 237; Episode 153 
Pomp,Chapter 1029; Episode 1054 
Pickles,Chapter 309; Episode 210 
Pike,Chapter 652; Episode 572 
Pica,Chapter 700; Episode 629 
Perona,Chapter 443; Episode 338 
Peterman,Chapter 499; Episode 393 
Peppoko,Chapter 2; Episode 1 
Penguin,Chapter 498; Episode 392 
Petermoo,Chapter 966; Episode 959 
Pellini,Chapter 711; Episode 641 
Pekoms,Chapter 651; Episode 570 
Pell,Chapter 155; Episode 91 
Pekkori,Chapter 524; Episode 421 
Peepley Lulu,Chapter 323; Episode 230 
Pearl,Chapter 54; Episode 25 
Pavlik,Chapter 553; Episode 477 
Peachbeard,Chapter 904; Episode 880 
Pedro,Chapter 805; Episode 754 
Paulie,Chapter 323; Episode 230 
Pascia,Chapter 501; Episode 394 
Patty,Chapter 44; Episode 21 
Papas,Chapter 1039; Episode 1066 
Pappag,Chapter 195 ; Episode 385 
Pansy,Chapter 515; Episode 409 
Pankuta Dakeyan,Chapter 525; Episode 422 
Pandora,"Chapter 867, Episode 837 "
Pandawoman,Chapter 517; Episode 409 
Pandaman,Chapter 44;We Are!; Episode 16 
Papaneel,Chapter 621; Episode 540 
Page One,Chapter 929; Episode 923 
Outlook III,Chapter 585; Episode 496 
Pagaya,Chapter 239; Episode 154 
Ossamondo,Chapter 552; Episode 461 
Otohime,"Chapter 621; Episode 539 , Episode 540 "
Palms,Chapter 553; Episode 470 
Orlumbus,Chapter 704; Episode 632 
Oran,"Chapter 391, Episode 275 "
Onigumo,Chapter 420; Episode 302 
Omasa,Chapter 952; Episode 946 
Onimaru,Chapter 936; Episode 932 
Oliva,"One Piece novel A, Volume 2 "
Oli,Chapter 1076 
Okame,Chapter 163; Episode 100 
Oimo,Chapter 377; Episode 265 
Okome,Chapter 224; Episode 146 
Ohm,Chapter 241; Episode 155 
Ochoku,Chapter 957; Episode 958 
Octopako,Chapter 203 ; Episode 531‎ 
Oars,Chapter 456; Episode 350 
Nyasha,Chapter 842; Episode 806 
Nugire Yainu,Chapter 37; Episode 10 
Nubon,Chapter 711; Episode 641 
Nola,Chapter 255; Episode 168 
Nora Gitsune,Chapter 598; Episode 518 
Nure-Onna,Chapter 998; Episode 1013 
Nojiko,Chapter 70; Episode 31 
Noble Croc,Chapter 831; Episode 791 
Nitro,Chapter 651; Episode 571 
Ninth,Chapter 558 
Nika,Chapter 1018 ; Episode 1040 
Ninjin,Chapter 23; Episode 9 
Nico Robin,Chapter 114; Episode 67 
Nigeratta,Chapter 398; Episode 278 
Nico Olvia,Chapter 392; Episode 275 
Nero,Chapter 367; Episode 257 
Nerona Imu,Chapter 1085 
Nezumi,Chapter 69; Episode 31 
Nerine,Chapter 514; Episode 408 
Neptune,Chapter 611; Episode 530 
Fude Fude no Mi, 
Nekomamushi,Chapter 809; Episode 756 
Negikuma Maria,Chapter 133; Episode 80 
Nefertari D. Lili,Chapter 1084 
Nefertari Titi,Chapter 215; Episode 129 
Nefertari Vivi,Chapter 103; Episode 62 
Nefertari Cobra,Chapter 142; Episode 91 
Nazu Ketagari,SBS Volume 94 
Nangi,Chapter 988; Episode 997 
Namur,Chapter 552; Episode 461 
Nami,Chapter 8; Episode 1Chapter 1 
Nako,Chapter 77; Episode 32 
Natto,Chapter 164; Episode 100 
Muret,Chapter 223; Episode 146 
Napoleon,Chapter 651; Episode 571 
Mummy,Chapter 706; Episode 652 
Mugren,Chapter 966; Episode 966 
Mukkashimi Tower,Chapter 707; Episode 637 
Muchana,Chapter 536; Episode 437 
Mummy Mee,Chapter 79; Episode 35 
Mr. Shimizu,Chapter 107; Episode 64 
Mr. Momora,Chapter 966; Episode 966 
Mr. Mellow,Chapter 159; Episode 95 
Mr. Love,"Chapter 206, Episode 125 "
Mr. Beans,Chapter 106; Episode 64 
Mr. 13,Chapter 105; Episode 63 
Mr. 11,Chapter 128; Episode 79 
Mr. 10,Chapter 155; Episode 91 
Mr. 7,Chapter 205; Episode 124 
Mr. 7,SBS Volume 36; Chapter 190; Episode 116 
Mr. 12,Chapter 155; Episode 91 
Mr. 9,Chapter 103; Episode 62 
Mr. 6,Chapter 155; Episode 91 
Moyle,Chapter 272; Episode 178 
Mozambia,Chapter 234; Episode 151 
Mountain Ricky,Chapter 313; Episode 217 
Mounblutain,Chapter 598; Episode 517 
Motzel,Chapter 43; Episode 20 
Mouseman,Chapter 915; Episode 901 
Mousse,Chapter 287; Episode 187 
Motobaro,Chapter 494; Episode 388 
Mountain God,Chapter 960; Episode 960 
Mororon,Chapter 905; Episode 882 
Mosh,Chapter 1038; Episode 1065 
Morley,Chapter 904; Episode 880 
Morgans,Chapter 860; Episode 828 ; Episode 830 
Morgan,Chapter 4; Episode 2 
Moon Isaac Jr.,Chapter 966; Episode 969 
Mornin,Chapter 23; Episode of East Blue 
Moodie,Chapter 43; Episode 20 
Mont Blanc Noland,Chapter 286; Episode 187 
Monster,Chapter 1; Episode 489 
Mont Blanc Cricket,Chapter 227; Episode 148 
Monkey D. Luffy,Chapter 1; Episode 1 
Monkey D. Garp,Chapter 92 ; Episode 68 
Monkey D. Dragon,Chapter 100; Episode 52 
Monjii,Chapter 807; Episode 756 
Monet,Chapter 657; Episode 581 
Monda,Chapter 306; Episode 209 
Momonga,Chapter 420; Episode 302 
Mohji,Chapter 9; Episode 6 
Moda,"Chapter 278 ; Episode 381 , Episode 880 "
Momoo,Chapter 73; Episode 31 
Mocha,Chapter 657; Episode 582 
Mochi,"Chapter 274, Episode 180 "
MocDonald,Chapter 445; Episode 340 
Moai,Chapter 1040 
Mizuta Madaisuki,"Chapter 487, Episode 379 "
Mizuta Mawaritosuki,"Chapter 488, Episode 379 "
Mizerka,Chapter 978; Episode 982 
Miyagi,Chapter 807; Episode 756 
Miss Tuesday,Chapter 155; Episode 91 
Mizuira,"Chapter 391, Episode 275 "
Miss Saturday,Chapter 155; Episode 91 
Miss Mother's Day,Chapter 155; Episode 91 
Miss Monday,Chapter 107; Episode 64 
Miss Thursday,Chapter 155; Episode 91 
Miss Father's Day,Chapter 205; Episode 124 
Minozebra,Chapter 533; Episode 434 
Misery,Chapter 1039; Episode 1066 
Miss Friday,Chapter 105; Episode 63 
Minoruba,Chapter 498; Episode 392 
Minotaurus,Chapter 525; Episode 422 
Miss Catherina,Chapter 106; Episode 64 
Minorhinoceros,Chapter 532; Episode 433 
Minokoala,Chapter 531; Episode 432 
Minochihuahua,Chapter 662 
Minister of the Right,Chapter 612; Episode 531 
Minatomo,Chapter 909; Episode 892 
Milo,Chapter 717; Episode 647 
Millet Pine,Chapter 966; Episode 959 
Minatomo,SBS Volume 7; Episode 51 
Milky,Chapter 807; Episode 757 Chapter 814; Episode 765 
Minister of the Left,Chapter 612; Episode 531 
Mikio Itoo,Chapter 1 
Mikita,Chapter 110; Episode 65 
Mikazuki,Chapter 323; Episode 230 
Mihar,Chapter 552; Episode 461 
Mero,Chapter 608; Episode 527 
Megalo,Chapter 605; Episode 525 
McKinley,Chapter 241; Episode 155 
Meadows,Chapter 706; Episode 659 
Merry,Chapter 24; Episode 11 
Mecha-Shark,Chapter 1061; Episode 1089 
McGuy,Chapter 551; Episode 460 
MAX Marx,Chapter 966; Episode 967 
Maynard,Chapter 705; Episode 634 
Matsuge,Chapter 162; Episode 93 
Mayushika,Chapter 269; Episode 176 
Matryo Princesses,Chapter 905; Episode 882 
Masked Deuce,Chapter 552; Episode 461 
Maujii,Chapter 755; Episode 692 
Masira,Chapter 219; Episode 144 
Marumieta,Chapter 436 
Mario,Chapter 701; Episode 630 
Marshall D. Teach,Chapter 223; Episode 146 
Marin,Chapter 500; Episode 394 
Marilyn,Chapter 300; Episode 193 
Mash,Chapter 204 
Marie,Chapter 499; Episode 393 
Marianne,Chapter 117; Episode 70 
Marguerite,Chapter 514; Episode 408 
Margarita,Chapter 483; Episode 375 
Maria Napole,Chapter 649; Episode 569 
Marcus Mars,Chapter 233; Episode 151 
Mashikaku,Chapter 98; Episode 48 
Marco,Chapter 234; Episode 151 
Mansherry,Chapter 717; Episode 647 
Manjaro,Chapter 598; Episode 518 
Mani,Chapter 223; Episode 146 
Makko,Chapter 216 
Makino,Chapter 1; Episode 4 
Maidy,Chapter 215; Episode 129 
Maha,Chapter 929; Episode 922 
Manboshi,Chapter 609; Episode 528 
Magra,Chapter 582; Episode 493 
Magellan,Chapter 528; Episode 425 
Madilloman,Chapter 939; Episode 935 
Macro,Chapter 437 
Macro,Chapter 197 ; Episode 386 
Machvise,Chapter 682; Episode 608 
Lulis,Chapter 608; Episode 527 
Lu Feld,Chapter 860; Episode 828 
Lucky Roux,Chapter 1; Episode 4 
Lonz,Chapter 550; Episode 459 
Lola,Chapter 451; Episode 345 
Loki,Chapter 858; Episode 827 
Lip Doughty,Chapter 600; Episode 519 
Little Oars Jr.,Chapter 554; Episode 463 
Lines,Chapter 44; Episode 21 
Lindbergh,Chapter 904; Episode 880 
Limejuice,Chapter 1; Episode 4 
Lily,Chapter 223; Episode 146 
Lilith,Chapter 1061; Episode 1090 
Leonero,Chapter 552; Episode 461 
Leo,Chapter 710; Episode 640 
Brag Men, Chapter 115; Episode 70
Lassoo,Chapter 160; Episode 103 
Laskey,Chapter 392; Episode 276 
Lao G,Chapter 682; Episode 608 
Laffitte,Chapter 234; Episode 151 
Lemoncheese,Chapter 906; Episode 884 
Lady Tree,Chapter 873; Episode 844 
Lacuba,Chapter 501; Episode 394 
Lacroix,Chapter 550; Episode 459 
Kyukyu,"Chapter 334, Episode 237 "
Laboon,Chapter 102; Episode 62 
Kyuin,Chapter 755; Episode 692 
Kyuji,"Chapter 302 , Episode 381 "
Kyros,Chapter 702; Episode 631 
Kurozumi Semimaru,Chapter 965; Episode 965 
Kurozumi Tama,Chapter 911; Episode 893 
Kuzan,Chapter 303; Episode 225 
Kurotsuru,Chapter 276 
Kurozumi Higurashi,Chapter 965; Episode 965 
Kurozumi Orochi,Chapter 927; Episode 921 
Kurozumi Kanjuro,Chapter 700; Episode 629 
Kuromarimo,Chapter 131; Episode 79 
Kuroobi,Chapter 69; Episode 31 
Kurokoma,Chapter 960 
Kuro,Chapter 23; Episode 9 
Kumashi,Chapter 449; Episode 343 
Kunyun,Chapter 1020; Episode 1042 
Kuni,Chapter 927; Episode 919 
Kureha,Chapter 134; Episode 80 
Kumae,SBS Volume 66 
Kumadori Yamanbako,SBS Volume 44 
Kumagoro,Chapter 929; Episode 922 
Kumadori,Chapter 375; Episode 264 
Kukai,Chapter 552;Episode 461 
Kujaku,Chapter 966 ; Episode 1090 
Kozuki Toki,Chapter 919; Episode 893 
Krieg,Chapter 45; Episode 21 
Kozuki Sukiyaki,Chapter 911; Episode 894 
Kozuki Oden,Chapter 920; Episode 910 
Kozuki Momonosuke,Chapter 684; Episode 609 
Koyama,Chapter 960; Episode 960 
Kozuki Hiyori,Chapter 909; Episode 892 
Koze and Packy,Chapter 96; Episode 48 
Kotetsu,Chapter 912; Episode 897 
Koza,Chapter 163; Episode 93 
Kotatsu,Chapter 552; Episode 461 
Kop,Chapter 325; Episode 231 
Komane,"Chapter 903, Episode 879 "
Kong,Chapter 0; Episode 0 
Konbu,Chapter 657; Episode 582 
Kokoro,Chapter 322; Episode 229 
Komachiyo,Chapter 910; Episode 892 
Kobe,Chapter 929; Episode 922 
Koda,"Chapter 285 , Episode 381 "
Koala,Chapter 622; Episode 541 
Kisegawa,Chapter 929; Episode 922 
Kitton,Chapter 523; Episode 418 
Koby,Chapter 2; Episode 1 
Mozu and Kiwi,Chapter 329; Episode 233 
Kinoko,Chapter 536; Episode 437 
Kinga,Chapter 570; Episode 467 
Kingdew,Chapter 562; Episode 461 
Kingbaum,Chapter 836; Episode 797 
Kinderella,Chapter 261 ; Episode 778 
King,Chapter 920; Episode 910 ; Chapter 925; Episode 918 
Kirintauros,Chapter 658; Episode 582 
Killer,Chapter 498; Episode 392 
Kin'emon,Chapter 656; Episode 580 
Kikyo,Chapter 514; Episode 408 
Kiku,Chapter 515; Episode 409 
Kikunojo,Chapter 913; Episode 899 
Kimel,"Chapter 552, Episode 461 "
Kibin,"Chapter 594, Episode 475 "
Kibagaeru,Chapter 306; Episode 208 
Kelly Funk,Chapter 704; Episode 633 
Kebi,Chapter 164; Episode 100 
Kiev,Chapter 325; Episode 231 
Kazenbo,Chapter 1030; Episode 1055 
Kechatch,Chapter 553 
Katsuzo,Chapter 960; Episode 960 
Kazekage,Chapter 931; Episode 925 
Kawamatsu,Chapter 920; Episode 910 
Kaya,Chapter 23; Episode 9 
Kashigami,Chapter 287; Episode 187 
Kashii,Chapter 377; Episode 265 
Karma,Chapter 553; Episode 467 
Karoo,Chapter 109; Episode 65 
Karasu,Chapter 593; Episode 510 
Kanezenny,Chapter 398; Episode 278 
Kasagoba,Chapter 607; Episode 527 
Kasa,Chapter 594; Episode 511 
Kaneshiro,Chapter 72; Episode 31 
Kappa,Chapter 167; Episode 105 
Kamijiro,Chapter 914; Episode 901 
Kalifa,Chapter 323; Episode 230 
Kalgara,Chapter 286; Episode 187 
Kakukaku,Chapter 334; Episode 237 
Kaku,Chapter 927; Episode 919 
Kamakiri,Chapter 249; Episode 163 
Kairo Kureyo,Chapter 535; Episode 437 
Kaku,Chapter 323; Episode 230 
Kairiken,Chapter 498; Episode 392 
Kairen,Chapter 608; Episode 527 
Kagikko,Chapter 64 
Kaidou,Chapter 795; Episode 736 
Kadar,Chapter 622; Episode 541 
Julius,Chapter 578; Episode 489 
Juki,Chapter 977; Episode 982 
Kabu,Chapter 710; Episode 640 
Judy,Chapter 499; Episode 393 
Junan,Chapter 611; Episode 530 
Jozu,Chapter 234; Episode 151 
Joy Boy, Chapter 628; Episode 548 ;Chapter 1044; Episode 1071
Joseph,Chapter 705; Episode 635 
Jorge,Chapter 353; Episode 248 
Johnny,Chapter 42; Episode 19 
Jorul,Chapter 866; Episode 836 
John,Chapter 450; Episode 344 
Jobo,"Chapter 232, Episode 150 "
John Giant,Chapter 96; Episode 45 
Jiron,Chapter 1082 
Jo,Chapter 948; Episode 947 
Jibuemon,Chapter 920; Episode 911 
Jigoku Benten,Chapter 931; Episode 925 
Jinbe,Chapter 528; Episode 430 
Jigra,"Chapter 860, Episode 830 "
Jewelry Bonney,Chapter 498; Episode 392 
Jigoro,Chapter 452; Episode 346 
Jerry,Chapter 362; Episode 253 
Jero,Chapter 680; Episode 606 
Jesus Burgess,Chapter 222; Episode 146 
Jean Goen,Chapter 526; Episode 423 
Jean Bart,Chapter 497; Episode 391 
Jeet,Chapter 704; Episode 633 
Jean Ango,Chapter 706; Episode 639 
Jarul,Chapter 866; Episode 836 
Jaygarcia Saturn,Chapter 233; Episode 151 
Jango,Chapter 25; Episode 9 
Jaki,Chapter 954; Episode 955 
Jalmack,Chapter 588; Episode 502 
Jaguar D. Saul,Chapter 392; Episode 275 
Jacksonbanner,Chapter 967; Episode 968 
Zombie, Chapter 444; Episode 339
Jabra,Chapter 375; Episode 264 
Jaguar,Chapter 1039; Episode 1067 
Jack,Chapter 801; Episode 746 
Izou,Chapter 553; Episode 461 
Itomimizu,Chapter 306; Episode 209 
Isuka,One Piece novel A Vol. 1 
Issho,Chapter 701; Episode 630 
Ishilly,Chapter 608; Episode 527 
Island Eater,Chapter 128; Episode 77 
Islewan,Chapter 553; Episode 462 
Ishigo Shitemanna,Chapter 325; Episode 231 
Isa,Chapter 256; Episode 168 
Ipponmatsu,Chapter 97; Episode 49 
Inuarashi,Chapter 808; Episode 756 
Ipponume,Chapter 97; Episode 49 
Inuppe,Chapter 451; Episode 345 
Indigo,Chapter 0;Episode 429; Movie 10 
Inhel,Chapter 718; Episode 648 
Inbi,Chapter 954; Episode 955 
Ikkaku,Chapter 810; Episode 757 
Imu,Chapter 906; Episode 885 
Inazuma,Chapter 536; Episode 438 
Igaram,Chapter 106; Episode 64 
Ikaros Much,Chapter 611; Episode 530 
Ideo,Chapter 706; Episode 633 
Ideaman,Chapter 55; Episode 25 
Ibusu,Chapter 738; Episode 671 
Iceburg,Chapter 323; Episode 230 
Hyoutauros,Chapter 658; Episode 582 
Hyouzou,Chapter 607; Episode 527 
Hyogoro,Chapter 926; Episode 919 
Humphrey,Chapter 598; Episode 517 
Hublot,Chapter 552; Episode 461 
Hound,Chapter 1078 
Hotori and Kotori,Chapter 261; Episode 171 
Hustle,Chapter 60 
House,Chapter 1038; Episode 1067 
Hotei,Chapter 951; Episode 951 
Hop,Chapter 1040 
Hongo,Chapter 1; Episode 489 
Holy,Chapter 241; Episode 155 
Holed'em,Chapter 915; Episode 901 
Michael and Hoichael,Chapter 432; Episode 313 
Hogback,Chapter 446; Episode 340 
Hoe,Chapter 611; Episode 530 
Hody Jones,Chapter 608; Episode 527 
Hocker,Chapter 12; Episode 6 
Hocha,Chapter 391; Episode 275 
Ho,Chapter 213; Episode 128 
Hitsugisukan,Chapter 963; Episode 968 
Hiriluk,Chapter 141; Episode 85 
Hiramera,Chapter 608; Episode 527 
Hippo Gentleman,"Chapter 451, Episode 345 "
Hinokizu,Chapter 1056; Episode 1083 
Hip,Chapter 1038; Episode 1065 
Hina,Chapter 171 ; Episode 127 
Hildon,Chapter 444; Episode 339 
Hihimaru,Chapter 910; Episode 892 
Higuma,Chapter 1; Episode 4 
Hibari,Chapter 1061; Episode 1090 
Herb,"Chapter 287, Episode 187 "
Hewitt,Chapter 223; Episode 146 
Heracles,Chapter 524; Episode 420 
Hera,Chapter 1011; Episode 1028 
Hera,Chapter 703; Episode 633 
Heppoko,Chapter 2; Episode 1 
Hattori,Chapter 323; Episode 230 
Heat,Chapter 500; Episode 394 
Hatchan,Chapter 69; Episode 31 
Helmeppo,Chapter 3; Episode 2 
Hatcha,Chapter 981; Episode 987 
Hasami,Chapter 176; Episode 110 
Haritsu Kendiyo,"Chapter 594, Episode 511 "
Haruta,Chapter 553; Episode 461 
Harisenbon,Chapter 617; Episode 555 
Haredas,Chapter 523; Episode 418 
Happa Yamao,Chapter 341; Episode 241 
Hannyabal,Chapter 525; Episode 422 
Hanzo,Chapter 931; Episode 925 
Hanger,Chapter 97; Episode 48 
Han,Chapter 940; Episode 937 
Hangan,Chapter 556; Episode 465 
Hammond,Chapter 607; Episode 526 
Hamlet,Chapter 994; Episode 982 
Hamburg,Chapter 305; Episode 207 
Hakugan,Chapter 810; Episode 757 
Ham Burger,Chapter 823; Episode 777 
Hakowan,Chapter 245 ; Episode 778 
Hack,Chapter 391; Episode 275 
Hajrudin,Chapter 706; Episode 639 
Hack,Chapter 706; Episode 633 
Gyaro,Chapter 197 ; Episode 386 
Gyro,Chapter 611; Episode 530 
Gyogyo,Chapter 498; Episode 392 
Gyoru,Chapter 1; Episode 45 
Guillotine,Chapter 1078 
Guernica,Chapter 705; Episode 635 
Gorobe,Chapter 924; Episode 916 
Gram,Chapter 391; Episode 275 
Gotti,Chapter 825; Episode 783 
Great Michael,Chapter 563 
Grabar,Chapter 717; Episode 647 
Goro,Chapter 316 ; One Piece: Stampede 
Gorilla,"Chapter 596, Episode 514 "
Gonbe,Chapter 322; Episode 229 
Goo,"Chapter 483, Episode 375 "
Gorishiro,Chapter 978; Episode 982 
Gomorrah,Chapter 366; Episode 256 
Goldberg,"Chapter 899 , Episode 836 "
Gol D. Roger,Chapter 1; Episode 1 
Goki,Chapter 954; Episode 955 
Goldfish Princess,Chapter 189 
Gode,"Chapter 256, Episode 169 "
Going Merry,Chapter 41; Episode 17 
Gloriosa,Chapter 514; Episode 408 
Gismonda,Chapter 705; Episode 635 
Gladius,Chapter 682; Episode 608 
Giovanni,Chapter 809; Episode 758 
Gion,SBS Volume 74;Movie 13;Chapter 907;Episode 887 
Giolla,Chapter 682; Episode 608 
Ginrummy,Chapter 795; Episode 739 
Ginny,Chapter 1095 
Ginko,Chapter 682; Episode 608 
Gina,Chapter 318; Episode 215 
Gin,Chapter 44; Episode 21 
Gimlet,Chapter 775; Episode 715 
Gig,Chapter 1024; Episode 1067 
Gerotini,Chapter 1079; 
Gerd,Chapter 866; Episode 836 
Giberson,Chapter 860; Episode 828 
George Mach,Chapter 313; Episode 217 
Genzo,Chapter 71; Episode 32 
Genbo,Chapter 249; Episode 163 
Gem,Chapter 110; Episode 65 
Gedatsu,Chapter 241; Episode 155 
Gecko Moria,Chapter 449; Episode 343 
Gazelleman,Chapter 914; Episode 900 
Gatherine,Chapter 379; Episode 266 
Gatz,Chapter 702; Episode 631 
Ganryu,Chapter 966; Episode 968 
Ganryu,Chapter 552; Episode 461 
Gan Fall,Chapter 237; Episode 153 
Gambo,Chapter 905; Episode 883 
Gama Pyonnosuke,"Chapter 909, Episode 892 "
Gambia,Chapter 705; Episode 634 
Gancho,Chapter 711; Episode 641 
Galdino,Chapter 117; Episode 70 
Gally,Episode 48;Romance Dawn Story;Chapter 902; Episode 877 
Gal,Chapter 680; Episode 606 
Belly, Chapter 1; Episode 4 Chapter 69; Episode 31
Gaimon,Chapter 22; Episode 18 
Gaburu,Chapter 702 ; Episode 921 
Galaxy,Chapter 437 
Gab,Chapter 580; Episode 489 
Fuza,Chapter 241; Episode 155 
Funkfreed,Chapter 365; Episode 254 
Fukurokuju,Chapter 931; Episode 925 
Fukurou,Chapter 375; Episode 264 
Fullbody,Chapter 43; Episode 20 
Fukumi,SBS Volume 103 
Fujin,Chapter 931; Episode 925 
Fukaboshi,Chapter 609; Episode 528 
Fugetsu Omusubi,Chapter 1024; Episode 1048 
Francois,Chapter 537; Episode 438 
Franky,Chapter 329; Episode 233 
Fuga,Chapter 991; Episode 1055 
Foxy,Chapter 305; Episode 207 
Fugar,Chapter 1079; 
Fourtricks,Chapter 994; Episode 982 
Fossa,Chapter 553; Episode 461 
Forest Boss,Chapter 333 
Flare,Monsters; ONA 1 
Flapper,Chapter 711; Episode 641 
Fisher Tiger,Chapter 521; Episode 415 
Figarland Garling,Chapter 1086 
Faust,Chapter 508; Episode 490 
Farul,Chapter 722; Episode 634 
Fishbonen,Chapter 594; Episode 511 
Fillonce,Chapter 608; Episode 527 
Farafra,Chapter 167; Episode 105 
Finamore,Chapter 552; Episode 461 
Fen Bock,Chapter 668; Episode 593 
Eustass Kid,Chapter 498; Episode 392 
Esta,Chapter 717; Episode 647 
Ethanbaron V. Nusjuro,Chapter 233; Episode 151 
Erik,Chapter 167; Episode 105 
Époni,"Chapter 841, Episode 804 "
Epoida,Chapter 553; Episode 467 
Enishida,"Chapter 517, Episode 411 "
Erio,Chapter 967; Episode 959 
Enel,Chapter 254; Episode 167 
Emma,Chapter 1071 
Emporio Ivankov,Chapter 537; Episode 438 
Elizabello II,Chapter 704; Episode 632 
Elmy,Chapter 551; Episode 460 
Eggplant Soldier,Chapter 849; Episode 802 
Egana,Chapter 483; Episode 375 
Eiri,Chapter 866; Episode 836 
Edward Weevil,Chapter 802; Episode 751 
Edward Newgate,Chapter 159; Episode 95 ;Chapter 234; Episode 151 
Edison,Chapter 1065; Episode 1095 
Eddy,Chapter 223; Episode 146 
Duval,Chapter 491; Episode 386 
Ducky Bree,Chapter 552; Episode 461 
Drug Peclo,Chapter 860; Episode 828 
Drophy,Chapter 160; Episode 103 
Drip,Chapter 598; Episode 518 
Dragon Number Thirteen,Chapter 655; Episode 579 
Dotaku,Chapter 926; Episode 918 
Dracule Mihawk,Chapter 49; Episode 23 
Dorry,Chapter 116; Episode 71 
Doringo,Chapter 0; Episode 0 
Draw,One Piece novel A 
Doran,Chapter 657; Episode 583 
Dosun,Chapter 611; Episode 530 
Donquixote Mjosgard,Chapter 625; Episode 545 
Donquixote Rosinante,Chapter 761; Episode 686 
Donquixote Homing,Chapter 760; Episode 699 
Donquixote Doflamingo,Chapter 233; Episode 151 
Donquino,Chapter 966; Episode 959 
Donovan,Chapter 318 
Domo-kun and Nnke-kun,God's Gift for the Future; Chapter 9 
Domino,Chapter 526; Episode 422 
Doma,Chapter 551; Episode 460 
Doll,Chapter 1061; Episode 1090 
Dogra,Chapter 582; Episode 493 
Doc Q,Chapter 223; Episode 146 
Dobby Ibadonbo,Chapter 531; Episode 432 
Doha Ittanka II,Chapter 529; Episode 430 
Doberman,Chapter 420; Episode 302 
Dogya,"Chapter 552, Episode 461 "
Dive,Chapter 1024; Episode 1080 
Dobon,Chapter 926; Episode 919 
Disco,Chapter 500; Episode 394 
Diez Barrels,Chapter 765 Episode 704 
Dirt Boss,Chapter 326 
Diesel,Chapter 827; Episode 786 
Disc J,Chapter 1040; Episode 1079 
Didit,Chapter 585; Episode 496 
Diamante,Chapter 700; Episode 629 
Devil Dias,Chapter 497; Episode 391 
Denjiro,Chapter 919; Episode 909 
Den,Chapter 616; Episode 534 
Demaro Black,Chapter 598; Episode 517 
Dellinger,Chapter 702; Episode 632 
Delacuaji,Chapter 551; Episode 460 
Decalvan Brothers,Chapter 551; Episode 460 
Daruma,Chapter 611; Episode 530 
Daz Bonez,Chapter 160; Episode 103 
Damask,Chapter 706; Episode 652 
Dalmatian,Chapter 553; Episode 462 
Dalton,Chapter 132; Episode 79 
Daikoku,Chapter 931; Episode 925 
Daigin,Chapter 531; Episode 432 
Daifugo,Chapter 934; Episode 928 
Daisy,Chapter 516; Episode 410 
Daidalos,Chapter 630; Episode 550 
Daikon,Chapter 732; Episode 664 
Dagama,Chapter 704; Episode 632 
D.R.,Monsters; ONA 1 
Cyrano,Monsters; ONA 1 
Curiel,Chapter 552; Episode 461 
Curly Dadan,Chapter 440; Episode 324 Chapter 0; Episode 0 
Crocus,Chapter 102; Episode 62 
Crocodile,Chapter 126; Episode 76 
Cotton,Chapter 718; Episode 648 
Cosmos,Chapter 516; Episode 410 
Cosette,Chapter 839; Episode 800 
Cosmo,Chapter 437 
Cornelia,Chapter 552; Episode 461 
Coribou,Chapter 600; Episode 519 
Corgi,Chapter 328;Episode 233 
Conis,Chapter 239; Episode 154 
Conney,Chapter 1099 
Concelot,Chapter 809; Episode 758 
Compo,Chapter 1040; Episode 1066 
Comil,Chapter 289 ; Episode 421 
Columbus,Chapter 906 
Colscon,Chapter 574 
Cocoa,Chapter 598; Episode 518 
Cocox,Chapter 22; Episode 18 
Clover,Chapter 391; Episode 275 
Chuji,Chapter 1034; Episode 1061 
Clapp,Chapter 1095 
Chuchun,Chapter 306; Episode 209 
Chome,Chapter 931; Episode 925 
Chouchou,Chapter 12; Episode 6 
Chocolat,Chapter 598; Episode 517 
Choi,Chapter 555; Episode 464 
Clione,Chapter 810; Episode 757 
Choco Police,Chapter 827; Episode 786 
Cho,Chapter 952; Episode 946 
Chimney,Chapter 322; Episode 229 
Chinjao,Chapter 704; Episode 632 
Chicken,Chapter 1; Episode 505 
Chichilisia,Chapter 879 
Chew,Chapter 69; Episode 31 
Chesskippa,Chapter 398; Episode 278 
Charlotte Zuccotto,Chapter 862; Episode 832 
Chessmarimo,Chapter 147; Episode 87 
Charlotte Yuen,Chapter 894; Episode 869 
Charlotte Wafers,Chapter 845; Episode 809 
Charlotte Wiro,Chapter 845; Episode 809 
Charlotte Tablet,Chapter 862; Episode 832 
Charlotte Snack,Chapter 894; Episode 798 
Chess,Chapter 131; Episode 78 
Charlotte Smoothie,Chapter 846; Episode 812 
Charlotte Raisin,Chapter 845; Episode 809 
Charlotte Prim,"Chapter 896, Episode 871 "
Charlotte Pudding,Chapter 651; Episode 571 
Charlotte Praline,Chapter 830; Episode 790 
Charlotte Poire,Chapter 860; Episode 830 
Charlotte Saint-Marc,Chapter 862; Episode 832 
Charlotte Perospero,Chapter 834; Episode 795 
Charlotte Oven,Chapter 861; Episode 827 
Charlotte Opera,Chapter 829; Episode 789 
Charlotte Nusstorte,Chapter 854; Episode 822 
Charlotte Nougat,Chapter 894; Episode 869 
Charlotte Panna,Chapter 897 
Charlotte Normande,Chapter 845; Episode 809 
Charlotte Noisette,Chapter 862; Episode 832 
Charlotte Myukuru,Chapter 845; Episode 809 
Charlotte Moscato,Chapter 829; Episode 788 
Charlotte Mozart,"Chapter 862; Episode 831 , Episode 832 "
Charlotte Montb,"Chapter 897, Episode 873 "
Charlotte Mont-d'Or,Chapter 829; Episode 789 
Charlotte Mondée,Chapter 854; Episode 822 
Charlotte Mobile,Chapter 862; Episode 832 
Charlotte Melise,Chapter 854 
Charlotte Mash,"Chapter 865; Episode 831 , Episode 834 "
Charlotte Mascarpone,Chapter 845; Episode 809 
Charlotte Marble,Chapter 894; Episode 869 
Charlotte Marnier,Chapter 861; Episode 834 
Charlotte Maple,Chapter 897 
Charlotte Lola,Chapter 476; Episode 370 
Charlotte Linlin,Chapter 651; Episode 571 
Charlotte Laurin,Chapter 864; Episode 834 
Charlotte Kato,Chapter 854; Episode 822 
Charlotte Kanten,Chapter 862; Episode 839 
Charlotte Katakuri,Chapter 860; Episode 825 
Charlotte Joconde,Chapter 894; Episode 869 
Charlotte Hachée,Chapter 871 
Charlotte High-Fat,Chapter 862; Episode 832 
Charlotte Joscarpone,Chapter 845; Episode 809 
Charlotte Galette,Chapter 829; Episode 789 
Charlotte Flampe,Chapter 891; Episode 865 
Charlotte Effilée,"Chapter 864; Episode 831 , Episode 834 "
Charlotte Dosmarche,Chapter 861; Episode 832 
Charlotte Gala,SBS Volume 85 
Charlotte De-Chat,Chapter 845; Episode 809 
Charlotte Daifuku,Chapter 861; Episode 826 
Charlotte Dacquoise,Chapter 854; Episode 822 
Charlotte Custard,"Chapter 862; Episode 831 , Episode 832 "
Charlotte Dolce and Dragée,Chapter 845; Episode 809 
Charlotte Counter,Chapter 845; Episode 809 
Charlotte Cracker,Chapter 835; Episode 796 
Charlotte Cornstarch,Chapter 865; Episode 841 
Charlotte Compote,Chapter 860; Episode 830 
Charlotte Compo,Chapter 864; Episode 834 
Charlotte Citron,Chapter 861; Episode 833 
Charlotte Cinnamon,Chapter 860; Episode 830 
Charlotte Chiffon,Chapter 825; Episode 783 
Charlotte Chiboust,Chapter 894; Episode 869 
Charlotte Cadenza,Chapter 845; Episode 809 
Charlotte Cabaletta,Chapter 845; Episode 809 
Charlotte Brûlée,Chapter 831; Episode 791 
Charlotte Broyé,Chapter 864; Episode 832 
Charlotte Brownie,Chapter 845; Episode 809 
Charlotte Bavarois,Chapter 888; Episode 861 
Charlotte Anglais,Chapter 845; Episode 809 
Charlotte Basskarte,Chapter 860; Episode 830 
Charlotte Anana,Chapter 845; Episode 809 
Charlotte Basans,Chapter 862; Episode 832 
Charlotte Angel,Chapter 860; Episode 830 
Charlotte Decuplets,Chapter 845; Episode 809 
Charlos,Chapter 499; Episode 393 
Charlotte Amande,Chapter 827; Episode 786 
Chao,Chapter 738; Episode 671 
Chaka,Chapter 155; Episode 91 
Chappe,Chapter 668; Episode 593 
Chabo,Chapter 69; Episode 31 
Chadros Higelyges,Chapter 581; Episode 490 
CB Gallant,Chapter 966; Episode 959 
Cavendish,Chapter 704; Episode 632 
Cerberus,Chapter 444; Episode 339 
Catarina Devon,Chapter 575; Episode 484 
Catacombo,Chapter 602; Episode 522 
Carne,Chapter 45; Episode 21 
Carmel,Chapter 861; Episode 831 
Carrot,Chapter 804; Episode 753 
Caribou,Chapter 600; Episode 519 
Capone Pez,Chapter 834; Episode 795 
Capote,Chapter 306; Episode 209 
Cands,Chapter 569 
Capone Bege,Chapter 498; Episode 392 
Cancer,Chapter 96; Episode 151 
Candre,Chapter 557; Episode 466; One Piece Film: Z 
Camel,Chapter 695; Episode 621 
Camie,Chapter 195 ; Episode 385 
Caimanlady,Chapter 1004; Episode 1020 
Byron,Chapter 501; Episode 395 
Cabaji,Chapter 9; Episode 7 
Busshiri,Chapter 391; Episode 275 
Bushon,Chapter 361; Episode 251 
Caesar Clown,Chapter 658; Episode 581 
Bunny Joe,Chapter 546 ; Episode 455 
Bunbuku,"Chapter 911, Episode 894 "
Bulldog,Chapter 1099 
Building Snake,Chapter 41 ; Episode 4 
Bungo,Chapter 928; Episode 921 
Buffalo,Chapter 692; Episode 618 
Buckingham Stussy,Chapter 802; Episode 752 
Buhichuck,"Chapter 446, Episode 340 "
Buchi,Chapter 31; Episode 13 
Buche,"Chapter 880, Episode 852 "
Bubblegum,Chapter 1029; Episode 1054 
Buggy,Chapter 9; Episode 4 
Brontosaurus,Chapter 115 
Brook,Chapter 442; Episode 337 
Brogy,Chapter 115; Episode 71 
Brocca,Chapter 561; Episode 470 
Brannew,Chapter 96; Episode 45 
Briscola,Chapter 993; Episode 982 
Braham,Chapter 249; Episode 163 
Boogie,Chapter 1038; Episode 1065 
Boodle,Chapter 12; Episode 6 
Borsalino,Chapter 504; Episode 398 
Bongo,Chapter 928; Episode 921 
Bonk Punch,Chapter 1; Episode 4 
Bomba,Chapter 711; Episode 641 
Bobomba,Chapter 711; Episode 641 
Boo,Chapter 704; Episode 632 
Bogard,Chapter 92 ; Episode 68 
Bobby Funk,Chapter 704; Episode 632 
Bobbin,Chapter 651; Episode 571 
Boa Sandersonia,Chapter 516; Episode 409 
Blumarine,Chapter 967; Episode 959 
Boa Marigold,Chapter 516; Episode 409 
Brew,Chapter 561; Episode 470 
Boa Hancock,Chapter 516; Episode 409 
Bluejam,Chapter 584; Episode 494 
Blueno,Chapter 325; Episode 230 
Bluegrass,Chapter 1089 
Blue Fan,Chapter 516; Episode 410 
Blenheim,Chapter 553; Episode 461 
Blue Gilly,Chapter 706; Episode 636 
Blamenco,Chapter 553; Episode 461 
Belladonna,Chapter 514; Episode 408 
Belo Betty,Chapter 904; Episode 880 
Blondie,Chapter 558; Episode 468 
Bekori,Chapter 1097 
Beer VI,Chapter 823; Episode 777 
Batman,Chapter 914; Episode 900 
Baxcon,Chapter 718; Episode 648 
Bastille,Chapter 553; Episode 462 
Batchee,Chapter 43; Episode 20 
Basilisk,Chapter 528; Episode 425 
Basil Hawkins,Chapter 498; Episode 392 
Bartolomeo,Chapter 705; Episode 633 
Barry,Chapter 552; Episode 461 
Bartholomew Kuma,Chapter 233; Episode 151 
Bariete,Chapter 804; Episode 753 
Bankuro,Chapter 967; Episode 959 
Banzaburo,Chapter 960; Episode 960 
"Gyoro, Nin, and Bao",Chapter 449; Episode 343 
Bao Huang,Chapter 979; Episode 985 
Banchina,Chapter 41; Episode 17 
Banchi,Chapter 114; Episode 67 
Banshee,Chapter 552; Episode 461 
Bacura,Chapter 516; Episode 410 
Baggaley,Chapter 561; Episode 489 
Baby 5,Chapter 682; Episode 608 
Bakezo,Chapter 668; Episode 594 
Babe,Chapter 160; Episode 103 
Babanuki,Chapter 934; Episode 930 
Attach,SBS Volume 24; Chapter 436; Episode 321 
Atmos,Chapter 553; Episode 461 
Avalo Pizarro,Chapter 575; Episode 484 
Atlas,Chapter 1062; Episode 1091 
Ayesé Mar,SBS Volume 105 
Aswa,Chapter 163; Episode 100 
Ashura Doji,Chapter 920; Episode 910 
Arthur,Chapter 556 
Tsumegeri Guards,Chapter 196; Episode 120 
Aremo Ganmi,Chapter 707; Episode 636 
Arlong,Chapter 69; Episode 31 
Asahija,Chapter 483; Episode 375 
Aramaki,Chapter 905; Episode 882 
Aphelandra,Chapter 514; Episode 408 
Antonio,Chapter 497; Episode 391 
Ankoro,Chapter 606; Episode 525 
Anjo,Chapter 1; We Are! 
Andre,Chapter 558; Episode 479 
An Zengaiina,Chapter 528; Episode 425 
Amadob,Chapter 558; Episode 467 
Alpha,Chapter 1100 
Alpacaman,Chapter 934; Episode 929 
Amazon,Chapter 238; Episode 153 
Alvida,Chapter 2; Episode 1 
Baskerville,Chapter 379; Episode 267 
Alice,Chapter 487 ; Episode 381 ; One Piece Film: Red 
Ally,Chapter 658; Episode 583 
Albion,Chapter 600; Episode 519 
Aladine,Chapter 620; Episode 540 
Aisa,Chapter 249; Episode 161 
Akehende,Chapter 548; Episode 451 
Ahho Zurako,Chapter 587; Episode 501 
Ahiru,Chapter 905; Episode 883 
Akumai,Chapter 129; Episode 78 
Ahho Desunen IX,Chapter 587; Episode 501 
Agsilly,Chapter 578; Episode 487 
Agyo,Chapter 706; Episode 652 
Aggie 68,Chapter 552; Episode 461 
Agotogi,Chapter 163; Episode 100 
Acilia,Chapter 706; Episode 654 
Absalom,Chapter 444; Episode 339 
Abdullah,Chapter 704; Episode 633 
Adele,Chapter 608; Episode 527 
